﻿<?xml version="1.0" encoding="utf-8"?>
<?xml-stylesheet type="text/xsl" href="_UpgradeWizard_Files\UpgradeWizardLog.xslt"?>
<log>
  <event>Get project references.</event>
  <event action="Analyze" type="Success" name="Assembly References" path="C:\Users\Tareq.DESKTOP-HMS4HIA\Source\Repos\Haitham-s-Project\Haitham's Project\Haitham's Project.csproj" />
  <event action="Analyze" type="Success" name="Assembly References" path="C:\Users\Tareq.DESKTOP-HMS4HIA\Source\Repos\Haitham-s-Project\Haitham's Project\App.config" />
  <event action="Analyze" type="Success" name="Http Handlers" path="C:\Users\Tareq.DESKTOP-HMS4HIA\Source\Repos\Haitham-s-Project\Haitham's Project\App.config" />
  <event action="Analyze" type="Success" name="Handlers (IIS7+)" path="C:\Users\Tareq.DESKTOP-HMS4HIA\Source\Repos\Haitham-s-Project\Haitham's Project\App.config" />
  <event action="Analyze" type="Success" name="Config Sections" path="C:\Users\Tareq.DESKTOP-HMS4HIA\Source\Repos\Haitham-s-Project\Haitham's Project\App.config" />
  <event action="Analyze" type="Success" name="Render Extensions" path="C:\Users\Tareq.DESKTOP-HMS4HIA\Source\Repos\Haitham-s-Project\Haitham's Project\App.config" />
  <event action="Analyze" type="Success" name="Session State Providers" path="C:\Users\Tareq.DESKTOP-HMS4HIA\Source\Repos\Haitham-s-Project\Haitham's Project\App.config" />
  <event action="Analyze" type="Success" name="App.config" path="C:\Users\Tareq.DESKTOP-HMS4HIA\Source\Repos\Haitham-s-Project\Haitham's Project\App.config" />
  <event action="Analyze" type="Success" name="Project.resx" path="C:\Users\Tareq.DESKTOP-HMS4HIA\Source\Repos\Haitham-s-Project\Haitham's Project\Project.resx" />
  <event action="Analyze" type="Success" name="Resources.resx" path="C:\Users\Tareq.DESKTOP-HMS4HIA\Source\Repos\Haitham-s-Project\Haitham's Project\Properties\Resources.resx" />
  <event action="Analyze" type="Success" name="Haitham's Project" path="C:\Users\Tareq.DESKTOP-HMS4HIA\Source\Repos\Haitham-s-Project\Haitham's Project\Haitham's Project.csproj" />
  <event action="Analyze" type="Success" name="Haitham's Project" path="C:\Users\Tareq.DESKTOP-HMS4HIA\Source\Repos\Haitham-s-Project\Haitham's Project.sln" />
</log>